study_uid,series_uid
1.3.6.1.4.1.14519.5.2.1.6279.6001.303241414168367763244410429787,1.3.6.1.4.1.14519.5.2.1.6279.6001.131939324905446238286154504249
1.3.6.1.4.1.14519.5.2.1.6279.6001.338445093314190310902086699869,1.3.6.1.4.1.14519.5.2.1.6279.6001.207201727479884428632451006739
1.3.6.1.4.1.14519.5.2.1.6279.6001.803342036141517365362713834879,1.3.6.1.4.1.14519.5.2.1.6279.6001.115689755198961598722158240121
1.3.6.1.4.1.14519.5.2.1.6279.6001.101370605276577556143013894866,1.3.6.1.4.1.14519.5.2.1.6279.6001.170706757615202213033480003264
1.3.6.1.4.1.14519.5.2.1.6279.6001.190188259083742759886805142125,1.3.6.1.4.1.14519.5.2.1.6279.6001.129007566048223160327836686225
1.3.6.1.4.1.14519.5.2.1.6279.6001.280315210397549164238230581781,1.3.6.1.4.1.14519.5.2.1.6279.6001.272348349298439120568330857680
1.3.6.1.4.1.14519.5.2.1.6279.6001.225213110794629789874295007045,1.3.6.1.4.1.14519.5.2.1.6279.6001.286061375572911414226912429210
1.3.6.1.4.1.14519.5.2.1.6279.6001.234120235997503955698755550667,1.3.6.1.4.1.14519.5.2.1.6279.6001.328789598898469177563438457842
1.3.6.1.4.1.14519.5.2.1.6279.6001.279133908903915300821612602665,1.3.6.1.4.1.14519.5.2.1.6279.6001.101228986346984399347858840086
1.3.6.1.4.1.14519.5.2.1.6279.6001.200080981983036698023153287807,1.3.6.1.4.1.14519.5.2.1.6279.6001.513023675145166449943177283490
1.3.6.1.4.1.14519.5.2.1.6279.6001.301893285809694674511225349300,1.3.6.1.4.1.14519.5.2.1.6279.6001.332829333783605240302521201463
1.3.6.1.4.1.14519.5.2.1.6279.6001.212292046142156223429795319169,1.3.6.1.4.1.14519.5.2.1.6279.6001.138813197521718693188313387015
1.3.6.1.4.1.14519.5.2.1.6279.6001.119160670718020063800771208605,1.3.6.1.4.1.14519.5.2.1.6279.6001.503980049263254396021509831276
1.3.6.1.4.1.14519.5.2.1.6279.6001.127418142282097214960207117703,1.3.6.1.4.1.14519.5.2.1.6279.6001.910435939545691201820711078950
1.3.6.1.4.1.14519.5.2.1.6279.6001.305234403531996676303325051420,1.3.6.1.4.1.14519.5.2.1.6279.6001.126631670596873065041988320084
1.3.6.1.4.1.14519.5.2.1.6279.6001.233265558039230075858412321938,1.3.6.1.4.1.14519.5.2.1.6279.6001.300136985030081433029390459071
1.3.6.1.4.1.14519.5.2.1.6279.6001.244560540649171231768816505483,1.3.6.1.4.1.14519.5.2.1.6279.6001.174449669706458092793093760291
1.3.6.1.4.1.14519.5.2.1.6279.6001.349215784927595126067491535375,1.3.6.1.4.1.14519.5.2.1.6279.6001.161067514225109999586362698069
1.3.6.1.4.1.14519.5.2.1.6279.6001.389796291341364059012825103262,1.3.6.1.4.1.14519.5.2.1.6279.6001.252634638822000832774167856951
1.3.6.1.4.1.14519.5.2.1.6279.6001.247360966390848191713625967090,1.3.6.1.4.1.14519.5.2.1.6279.6001.128023902651233986592378348912
1.3.6.1.4.1.14519.5.2.1.6279.6001.185496461202477950899792771158,1.3.6.1.4.1.14519.5.2.1.6279.6001.228511122591230092662900221600
1.3.6.1.4.1.14519.5.2.1.6279.6001.124918015490899130716961145499,1.3.6.1.4.1.14519.5.2.1.6279.6001.153985109349433321657655488650
1.3.6.1.4.1.14519.5.2.1.6279.6001.669072071991651987864331187685,1.3.6.1.4.1.14519.5.2.1.6279.6001.479402560265137632920333093071
1.3.6.1.4.1.14519.5.2.1.6279.6001.155557195003938299459901738073,1.3.6.1.4.1.14519.5.2.1.6279.6001.613212850444255764524630781782
1.3.6.1.4.1.14519.5.2.1.6279.6001.198480745206106280149820227940,1.3.6.1.4.1.14519.5.2.1.6279.6001.288701997968615460794642979503
1.3.6.1.4.1.14519.5.2.1.6279.6001.103314508209751760357909975504,1.3.6.1.4.1.14519.5.2.1.6279.6001.146987333806092287055399155268
1.3.6.1.4.1.14519.5.2.1.6279.6001.234289514191030145998276287188,1.3.6.1.4.1.14519.5.2.1.6279.6001.137773550852881583165286615668
1.3.6.1.4.1.14519.5.2.1.6279.6001.282376078213521832826757169162,1.3.6.1.4.1.14519.5.2.1.6279.6001.461155505515403114280165935891
1.3.6.1.4.1.14519.5.2.1.6279.6001.217795632219483181846615097960,1.3.6.1.4.1.14519.5.2.1.6279.6001.286524966129599998397777745271
1.3.6.1.4.1.14519.5.2.1.6279.6001.211053720209798423692283723094,1.3.6.1.4.1.14519.5.2.1.6279.6001.251215764736737018371915284679
1.3.6.1.4.1.14519.5.2.1.6279.6001.313935464622070730633776692194,1.3.6.1.4.1.14519.5.2.1.6279.6001.336225579776978874775723463327
1.3.6.1.4.1.14519.5.2.1.6279.6001.270093416536223137275197282336,1.3.6.1.4.1.14519.5.2.1.6279.6001.129982010889624423230394257528
1.3.6.1.4.1.14519.5.2.1.6279.6001.121477207174726219407790693667,1.3.6.1.4.1.14519.5.2.1.6279.6001.112767175295249119452142211437
1.3.6.1.4.1.14519.5.2.1.6279.6001.276357014804464864262939025676,1.3.6.1.4.1.14519.5.2.1.6279.6001.241717018262666382493757419144
1.3.6.1.4.1.14519.5.2.1.6279.6001.336271942450113106996588030279,1.3.6.1.4.1.14519.5.2.1.6279.6001.176030616406569931557298712518
1.3.6.1.4.1.14519.5.2.1.6279.6001.277917899093238118799634234844,1.3.6.1.4.1.14519.5.2.1.6279.6001.257515388956260258681136624817
1.3.6.1.4.1.14519.5.2.1.6279.6001.138751917514248782010778675083,1.3.6.1.4.1.14519.5.2.1.6279.6001.133378195429627807109985347209
1.3.6.1.4.1.14519.5.2.1.6279.6001.752603750437458841409277737148,1.3.6.1.4.1.14519.5.2.1.6279.6001.104780906131535625872840889059
1.3.6.1.4.1.14519.5.2.1.6279.6001.219081768759399413645906161308,1.3.6.1.4.1.14519.5.2.1.6279.6001.249404938669582150398726875826
1.3.6.1.4.1.14519.5.2.1.6279.6001.212697393127299815450339637649,1.3.6.1.4.1.14519.5.2.1.6279.6001.410251741986998833890312367579
1.3.6.1.4.1.14519.5.2.1.6279.6001.309564852246680613688744241427,1.3.6.1.4.1.14519.5.2.1.6279.6001.128881800399702510818644205032
1.3.6.1.4.1.14519.5.2.1.6279.6001.780121538270617222115253441513,1.3.6.1.4.1.14519.5.2.1.6279.6001.768856069922657732839929586657
1.3.6.1.4.1.14519.5.2.1.6279.6001.200556866344536431817884531386,1.3.6.1.4.1.14519.5.2.1.6279.6001.183924380327950237519832859527
1.3.6.1.4.1.14519.5.2.1.6279.6001.107117680739311641559517949056,1.3.6.1.4.1.14519.5.2.1.6279.6001.244204120220889433826451158706
1.3.6.1.4.1.14519.5.2.1.6279.6001.253123637959400428278268237946,1.3.6.1.4.1.14519.5.2.1.6279.6001.320967206808467952819309001585
1.3.6.1.4.1.14519.5.2.1.6279.6001.577239032421661596436882763701,1.3.6.1.4.1.14519.5.2.1.6279.6001.106630482085576298661469304872
1.3.6.1.4.1.14519.5.2.1.6279.6001.229453814067948782185747812606,1.3.6.1.4.1.14519.5.2.1.6279.6001.102681962408431413578140925249
1.3.6.1.4.1.14519.5.2.1.6279.6001.175760080411828194592094064838,1.3.6.1.4.1.14519.5.2.1.6279.6001.306948744223170422945185006551
1.3.6.1.4.1.14519.5.2.1.6279.6001.205295494158831463556858756520,1.3.6.1.4.1.14519.5.2.1.6279.6001.194766721609772924944646251928
1.3.6.1.4.1.14519.5.2.1.6279.6001.128882236014679059490275573019,1.3.6.1.4.1.14519.5.2.1.6279.6001.160586340600816116143631200450
1.3.6.1.4.1.14519.5.2.1.6279.6001.182529561822199780545440408033,1.3.6.1.4.1.14519.5.2.1.6279.6001.465032801496479029639448332481
1.3.6.1.4.1.14519.5.2.1.6279.6001.185852472264155752604841654643,1.3.6.1.4.1.14519.5.2.1.6279.6001.195913706607582347421429908613
1.3.6.1.4.1.14519.5.2.1.6279.6001.253735246078920128978742275635,1.3.6.1.4.1.14519.5.2.1.6279.6001.173931884906244951746140865701
1.3.6.1.4.1.14519.5.2.1.6279.6001.280531413986295071283803322793,1.3.6.1.4.1.14519.5.2.1.6279.6001.200841000324240313648595016964
1.3.6.1.4.1.14519.5.2.1.6279.6001.370700630609225608130630902041,1.3.6.1.4.1.14519.5.2.1.6279.6001.313283554967554803238484128406
1.3.6.1.4.1.14519.5.2.1.6279.6001.118873832573622894386164980989,1.3.6.1.4.1.14519.5.2.1.6279.6001.173106154739244262091404659845
1.3.6.1.4.1.14519.5.2.1.6279.6001.198021313421875017435046583973,1.3.6.1.4.1.14519.5.2.1.6279.6001.246589849815292078281051154201
1.3.6.1.4.1.14519.5.2.1.6279.6001.191294111388782437161651532011,1.3.6.1.4.1.14519.5.2.1.6279.6001.188209889686363159853715266493
1.3.6.1.4.1.14519.5.2.1.6279.6001.188204058669364993757306038569,1.3.6.1.4.1.14519.5.2.1.6279.6001.320111824803959660037459294083
1.3.6.1.4.1.14519.5.2.1.6279.6001.326975664298894323901926187239,1.3.6.1.4.1.14519.5.2.1.6279.6001.944888107209008719031293531091
1.3.6.1.4.1.14519.5.2.1.6279.6001.267214856456387865154306936080,1.3.6.1.4.1.14519.5.2.1.6279.6001.321935195060268166151738328001
1.3.6.1.4.1.14519.5.2.1.6279.6001.247813601128055334769770235073,1.3.6.1.4.1.14519.5.2.1.6279.6001.822128649427327893802314908658
1.3.6.1.4.1.14519.5.2.1.6279.6001.429699865856208366565779600254,1.3.6.1.4.1.14519.5.2.1.6279.6001.614147706162329660656328811671
1.3.6.1.4.1.14519.5.2.1.6279.6001.302617159747584825959135390069,1.3.6.1.4.1.14519.5.2.1.6279.6001.242761658169703141430370511586
1.3.6.1.4.1.14519.5.2.1.6279.6001.141598007834192132861466794478,1.3.6.1.4.1.14519.5.2.1.6279.6001.200513183558872708878454294671
1.3.6.1.4.1.14519.5.2.1.6279.6001.324984193116544130562864675468,1.3.6.1.4.1.14519.5.2.1.6279.6001.245181799370098278918756923992
1.3.6.1.4.1.14519.5.2.1.6279.6001.272747692608963634087245721224,1.3.6.1.4.1.14519.5.2.1.6279.6001.249032660919473722154870746474
1.3.6.1.4.1.14519.5.2.1.6279.6001.297192539691487434404158853083,1.3.6.1.4.1.14519.5.2.1.6279.6001.248357157975955379661896491341
1.3.6.1.4.1.14519.5.2.1.6279.6001.562420213730031312300572553711,1.3.6.1.4.1.14519.5.2.1.6279.6001.621916089407825046337959219998
1.3.6.1.4.1.14519.5.2.1.6279.6001.314166198948235683770741486536,1.3.6.1.4.1.14519.5.2.1.6279.6001.106379658920626694402549886949
1.3.6.1.4.1.14519.5.2.1.6279.6001.899082900417573006084750602123,1.3.6.1.4.1.14519.5.2.1.6279.6001.861997885565255340442123234170
1.3.6.1.4.1.14519.5.2.1.6279.6001.322995703216827528672839235412,1.3.6.1.4.1.14519.5.2.1.6279.6001.128059192202504367870633619224
1.3.6.1.4.1.14519.5.2.1.6279.6001.244389108887315437307204657105,1.3.6.1.4.1.14519.5.2.1.6279.6001.395623571499047043765181005112
1.3.6.1.4.1.14519.5.2.1.6279.6001.921287276013810837359841315530,1.3.6.1.4.1.14519.5.2.1.6279.6001.171177995014336749670107905732
1.3.6.1.4.1.14519.5.2.1.6279.6001.521368364741046707593021144453,1.3.6.1.4.1.14519.5.2.1.6279.6001.211051626197585058967163339846
1.3.6.1.4.1.14519.5.2.1.6279.6001.293760350481778481843102622378,1.3.6.1.4.1.14519.5.2.1.6279.6001.166662353777397833477082464008
1.3.6.1.4.1.14519.5.2.1.6279.6001.165017330457520545748655969705,1.3.6.1.4.1.14519.5.2.1.6279.6001.324290109423920971676288828329
1.3.6.1.4.1.14519.5.2.1.6279.6001.633670303116637733124704376946,1.3.6.1.4.1.14519.5.2.1.6279.6001.238019241099704094018548301753
1.3.6.1.4.1.14519.5.2.1.6279.6001.906824386019316813789030483695,1.3.6.1.4.1.14519.5.2.1.6279.6001.254929810944557499537650429296
1.3.6.1.4.1.14519.5.2.1.6279.6001.310943546307547399461310181653,1.3.6.1.4.1.14519.5.2.1.6279.6001.270215889102603268207599305185
1.3.6.1.4.1.14519.5.2.1.6279.6001.639539378810400142491972900031,1.3.6.1.4.1.14519.5.2.1.6279.6001.122763913896761494371822656720
1.3.6.1.4.1.14519.5.2.1.6279.6001.261859010096419762853634942928,1.3.6.1.4.1.14519.5.2.1.6279.6001.439153572396640163898529626096
1.3.6.1.4.1.14519.5.2.1.6279.6001.172879081603366631101823390088,1.3.6.1.4.1.14519.5.2.1.6279.6001.957384617596077920906744920611
1.3.6.1.4.1.14519.5.2.1.6279.6001.311543823141683719978679431015,1.3.6.1.4.1.14519.5.2.1.6279.6001.303865116731361029078599241306
1.3.6.1.4.1.14519.5.2.1.6279.6001.124508094927772723365648607398,1.3.6.1.4.1.14519.5.2.1.6279.6001.316900421002460665752357657094
1.3.6.1.4.1.14519.5.2.1.6279.6001.713948008609685722859788330157,1.3.6.1.4.1.14519.5.2.1.6279.6001.111496024928645603833332252962
1.3.6.1.4.1.14519.5.2.1.6279.6001.446141203915389353091048690870,1.3.6.1.4.1.14519.5.2.1.6279.6001.271220641987745483198036913951
1.3.6.1.4.1.14519.5.2.1.6279.6001.267153963553416618872924015484,1.3.6.1.4.1.14519.5.2.1.6279.6001.690929968028676628605553365896
1.3.6.1.4.1.14519.5.2.1.6279.6001.402240049299350560004923763412,1.3.6.1.4.1.14519.5.2.1.6279.6001.121108220866971173712229588402
1.3.6.1.4.1.14519.5.2.1.6279.6001.125755525194735914218741665527,1.3.6.1.4.1.14519.5.2.1.6279.6001.236452051640243530449001532111
1.3.6.1.4.1.14519.5.2.1.6279.6001.461502489756528153281751961352,1.3.6.1.4.1.14519.5.2.1.6279.6001.272042302501586336192628818865
1.3.6.1.4.1.14519.5.2.1.6279.6001.203918583798186026281890202047,1.3.6.1.4.1.14519.5.2.1.6279.6001.908250781706513856628130123235
1.3.6.1.4.1.14519.5.2.1.6279.6001.246541809203697037171004327898,1.3.6.1.4.1.14519.5.2.1.6279.6001.147979688121667984912633630926
1.3.6.1.4.1.14519.5.2.1.6279.6001.145713291593525654962776610448,1.3.6.1.4.1.14519.5.2.1.6279.6001.125067060506283419853742462394
1.3.6.1.4.1.14519.5.2.1.6279.6001.305756441152306462678795884038,1.3.6.1.4.1.14519.5.2.1.6279.6001.179209990684978588019929720099
1.3.6.1.4.1.14519.5.2.1.6279.6001.172891325013037275999502688439,1.3.6.1.4.1.14519.5.2.1.6279.6001.449780571702869645673186059985
1.3.6.1.4.1.14519.5.2.1.6279.6001.181593981812293966599842811096,1.3.6.1.4.1.14519.5.2.1.6279.6001.184412674007117333405073397832
1.3.6.1.4.1.14519.5.2.1.6279.6001.212341120080087350703610584139,1.3.6.1.4.1.14519.5.2.1.6279.6001.207544473852086582434957174616
1.3.6.1.4.1.14519.5.2.1.6279.6001.216207548522622026268886920069,1.3.6.1.4.1.14519.5.2.1.6279.6001.802846969823720586279982179144
1.3.6.1.4.1.14519.5.2.1.6279.6001.267495169884268604035801498197,1.3.6.1.4.1.14519.5.2.1.6279.6001.326084450802794941185111945926
1.3.6.1.4.1.14519.5.2.1.6279.6001.151462193009815033155890307894,1.3.6.1.4.1.14519.5.2.1.6279.6001.618434772073433276874225174904
1.3.6.1.4.1.14519.5.2.1.6279.6001.407122010994373607607380330242,1.3.6.1.4.1.14519.5.2.1.6279.6001.483655032093002252444764787700
1.3.6.1.4.1.14519.5.2.1.6279.6001.248655117969906530264763921998,1.3.6.1.4.1.14519.5.2.1.6279.6001.799582546798528864710752164515
1.3.6.1.4.1.14519.5.2.1.6279.6001.288142673190348607009892502290,1.3.6.1.4.1.14519.5.2.1.6279.6001.231645134739451754302647733304
1.3.6.1.4.1.14519.5.2.1.6279.6001.190045142764457963256735097041,1.3.6.1.4.1.14519.5.2.1.6279.6001.620476670380256054392660616754
1.3.6.1.4.1.14519.5.2.1.6279.6001.301465695265899538081208550111,1.3.6.1.4.1.14519.5.2.1.6279.6001.262736997975960398949912434623
1.3.6.1.4.1.14519.5.2.1.6279.6001.236694495816915149507620783797,1.3.6.1.4.1.14519.5.2.1.6279.6001.141174904898798023569427533813
1.3.6.1.4.1.14519.5.2.1.6279.6001.218353171044902873293532449170,1.3.6.1.4.1.14519.5.2.1.6279.6001.295420274214095686326263147663
1.3.6.1.4.1.14519.5.2.1.6279.6001.334142682219743556615674397992,1.3.6.1.4.1.14519.5.2.1.6279.6001.237428977311365557972720635401
1.3.6.1.4.1.14519.5.2.1.6279.6001.179926192573878616596153758496,1.3.6.1.4.1.14519.5.2.1.6279.6001.897684031374557757145405000951
1.3.6.1.4.1.14519.5.2.1.6279.6001.280050083021766496264016832213,1.3.6.1.4.1.14519.5.2.1.6279.6001.305858704835252413616501469037
1.3.6.1.4.1.14519.5.2.1.6279.6001.165928214371593461789742284562,1.3.6.1.4.1.14519.5.2.1.6279.6001.199282854229880908602362094937
1.3.6.1.4.1.14519.5.2.1.6279.6001.282592678243385281753684471720,1.3.6.1.4.1.14519.5.2.1.6279.6001.312127933722985204808706697221
1.3.6.1.4.1.14519.5.2.1.6279.6001.109276391800556245215148059611,1.3.6.1.4.1.14519.5.2.1.6279.6001.569096986145782511000054443951
1.3.6.1.4.1.14519.5.2.1.6279.6001.283314504686117114905176791940,1.3.6.1.4.1.14519.5.2.1.6279.6001.254957696184671649675053562027
1.3.6.1.4.1.14519.5.2.1.6279.6001.269884215256755446329937557120,1.3.6.1.4.1.14519.5.2.1.6279.6001.276556509002726404418399209377
1.3.6.1.4.1.14519.5.2.1.6279.6001.180841215015376467807831976209,1.3.6.1.4.1.14519.5.2.1.6279.6001.346115813056769250958550383763
1.3.6.1.4.1.14519.5.2.1.6279.6001.279815994089337890330418719400,1.3.6.1.4.1.14519.5.2.1.6279.6001.118924792893665851774878880764
1.3.6.1.4.1.14519.5.2.1.6279.6001.146389062541391302265553091834,1.3.6.1.4.1.14519.5.2.1.6279.6001.404303213662391867606219459686
1.3.6.1.4.1.14519.5.2.1.6279.6001.299257181285137013436464151874,1.3.6.1.4.1.14519.5.2.1.6279.6001.251204142823446211001577555181
1.3.6.1.4.1.14519.5.2.1.6279.6001.215072449579869595247908643994,1.3.6.1.4.1.14519.5.2.1.6279.6001.321465552859463184018938648244
1.3.6.1.4.1.14519.5.2.1.6279.6001.338681063148697211042842329869,1.3.6.1.4.1.14519.5.2.1.6279.6001.558286136379689377915919180358
1.3.6.1.4.1.14519.5.2.1.6279.6001.172057344391312701982079788940,1.3.6.1.4.1.14519.5.2.1.6279.6001.275007193025729362844652516689
1.3.6.1.4.1.14519.5.2.1.6279.6001.426292960722746490523326036933,1.3.6.1.4.1.14519.5.2.1.6279.6001.143782059748737055784173697516
1.3.6.1.4.1.14519.5.2.1.6279.6001.498311492348035259054610823788,1.3.6.1.4.1.14519.5.2.1.6279.6001.114249388265341701207347458535
1.3.6.1.4.1.14519.5.2.1.6279.6001.246917032284352184215612201998,1.3.6.1.4.1.14519.5.2.1.6279.6001.274052674198758621258447180130
1.3.6.1.4.1.14519.5.2.1.6279.6001.598304550863987021597036432704,1.3.6.1.4.1.14519.5.2.1.6279.6001.193964947698259739624715468431
1.3.6.1.4.1.14519.5.2.1.6279.6001.299799877133044736642536495362,1.3.6.1.4.1.14519.5.2.1.6279.6001.290135156874098366424871975734
1.3.6.1.4.1.14519.5.2.1.6279.6001.204769919102665056662271574089,1.3.6.1.4.1.14519.5.2.1.6279.6001.247816269490470394602288565775
1.3.6.1.4.1.14519.5.2.1.6279.6001.241438921576606444541425654823,1.3.6.1.4.1.14519.5.2.1.6279.6001.145474881373882284343459153872
1.3.6.1.4.1.14519.5.2.1.6279.6001.115899990477880066510865400229,1.3.6.1.4.1.14519.5.2.1.6279.6001.961063442349005937536597225349
1.3.6.1.4.1.14519.5.2.1.6279.6001.230800355892152356700875480882,1.3.6.1.4.1.14519.5.2.1.6279.6001.149463915556499304732434215056
1.3.6.1.4.1.14519.5.2.1.6279.6001.211186311281767598090156083844,1.3.6.1.4.1.14519.5.2.1.6279.6001.900182736599353600185270496549
1.3.6.1.4.1.14519.5.2.1.6279.6001.329219900591912979945974892373,1.3.6.1.4.1.14519.5.2.1.6279.6001.793644252453691436883431768064
1.3.6.1.4.1.14519.5.2.1.6279.6001.291105837361929821655470189849,1.3.6.1.4.1.14519.5.2.1.6279.6001.200783211179294046901893379828
1.3.6.1.4.1.14519.5.2.1.6279.6001.253018306736883838620886843861,1.3.6.1.4.1.14519.5.2.1.6279.6001.501205984478455794251416553685
1.3.6.1.4.1.14519.5.2.1.6279.6001.849090059968404135199482374496,1.3.6.1.4.1.14519.5.2.1.6279.6001.339039410276356623209709113755
1.3.6.1.4.1.14519.5.2.1.6279.6001.150506552813421138982733853172,1.3.6.1.4.1.14519.5.2.1.6279.6001.248425363469507808613979846863
1.3.6.1.4.1.14519.5.2.1.6279.6001.338336992240867140131763172276,1.3.6.1.4.1.14519.5.2.1.6279.6001.204802250386343794613980417281
1.3.6.1.4.1.14519.5.2.1.6279.6001.139007379520761595657549251638,1.3.6.1.4.1.14519.5.2.1.6279.6001.725236073737175770730904408416
1.3.6.1.4.1.14519.5.2.1.6279.6001.256230432050930445318439765836,1.3.6.1.4.1.14519.5.2.1.6279.6001.129055977637338639741695800950
1.3.6.1.4.1.14519.5.2.1.6279.6001.124043676181995670004300402875,1.3.6.1.4.1.14519.5.2.1.6279.6001.447468612991222399440694673357
1.3.6.1.4.1.14519.5.2.1.6279.6001.107508721613473648848595116695,1.3.6.1.4.1.14519.5.2.1.6279.6001.671278273674156798801285503514
1.3.6.1.4.1.14519.5.2.1.6279.6001.279988868485323680600035963215,1.3.6.1.4.1.14519.5.2.1.6279.6001.137375498893536422914241295628
1.3.6.1.4.1.14519.5.2.1.6279.6001.547848375366758290042983535032,1.3.6.1.4.1.14519.5.2.1.6279.6001.179683407589764683292800449011
1.3.6.1.4.1.14519.5.2.1.6279.6001.154900488526447142456824787975,1.3.6.1.4.1.14519.5.2.1.6279.6001.156016499715048493339281864474
1.3.6.1.4.1.14519.5.2.1.6279.6001.234994879536134968838889803884,1.3.6.1.4.1.14519.5.2.1.6279.6001.331079701650130000691651987949
1.3.6.1.4.1.14519.5.2.1.6279.6001.110552610218214013901193645855,1.3.6.1.4.1.14519.5.2.1.6279.6001.216526102138308489357443843021
1.3.6.1.4.1.14519.5.2.1.6279.6001.320868967976297780563487478878,1.3.6.1.4.1.14519.5.2.1.6279.6001.743969234977916254223533321294
1.3.6.1.4.1.14519.5.2.1.6279.6001.204876032380829136260582432402,1.3.6.1.4.1.14519.5.2.1.6279.6001.404457313935200882843898832756
1.3.6.1.4.1.14519.5.2.1.6279.6001.173480979711457247360986415860,1.3.6.1.4.1.14519.5.2.1.6279.6001.237215747217294006286437405216
1.3.6.1.4.1.14519.5.2.1.6279.6001.202087967488314629195929644257,1.3.6.1.4.1.14519.5.2.1.6279.6001.245546033414728092794968890929
1.3.6.1.4.1.14519.5.2.1.6279.6001.605832828213886887633700370869,1.3.6.1.4.1.14519.5.2.1.6279.6001.173556680294801532247454313511
1.3.6.1.4.1.14519.5.2.1.6279.6001.503842574668180938785276053000,1.3.6.1.4.1.14519.5.2.1.6279.6001.228934821089041845791238006047
1.3.6.1.4.1.14519.5.2.1.6279.6001.128546361353633775045659990592,1.3.6.1.4.1.14519.5.2.1.6279.6001.306520140119968755187868602181
1.3.6.1.4.1.14519.5.2.1.6279.6001.255547294378103412654877543117,1.3.6.1.4.1.14519.5.2.1.6279.6001.797637294244261543517154417124
1.3.6.1.4.1.14519.5.2.1.6279.6001.157659992364948575945704799673,1.3.6.1.4.1.14519.5.2.1.6279.6001.186809786614942675852829709376
1.3.6.1.4.1.14519.5.2.1.6279.6001.254284452408440744726985192393,1.3.6.1.4.1.14519.5.2.1.6279.6001.139444426690868429919252698606
1.3.6.1.4.1.14519.5.2.1.6279.6001.216284625800598617220647330177,1.3.6.1.4.1.14519.5.2.1.6279.6001.246758220302211646532176593724
1.3.6.1.4.1.14519.5.2.1.6279.6001.130212238381185558806293057208,1.3.6.1.4.1.14519.5.2.1.6279.6001.675543413149938600000570588203
1.3.6.1.4.1.14519.5.2.1.6279.6001.684533679602381775258237049962,1.3.6.1.4.1.14519.5.2.1.6279.6001.397062004302272014259317520874
1.3.6.1.4.1.14519.5.2.1.6279.6001.100196544861967692255437311943,1.3.6.1.4.1.14519.5.2.1.6279.6001.141511313712034597336182402384
1.3.6.1.4.1.14519.5.2.1.6279.6001.670760254175238186822024748574,1.3.6.1.4.1.14519.5.2.1.6279.6001.266581250778073944645044950856
1.3.6.1.4.1.14519.5.2.1.6279.6001.293433201388001070931182667378,1.3.6.1.4.1.14519.5.2.1.6279.6001.126704785377921920210612476953
1.3.6.1.4.1.14519.5.2.1.6279.6001.227063200244152860572015411033,1.3.6.1.4.1.14519.5.2.1.6279.6001.196251645377731223510086726530
1.3.6.1.4.1.14519.5.2.1.6279.6001.807847494300907496059830326562,1.3.6.1.4.1.14519.5.2.1.6279.6001.230180665627287711381156820813
1.3.6.1.4.1.14519.5.2.1.6279.6001.283363009241515390315316302638,1.3.6.1.4.1.14519.5.2.1.6279.6001.308183340111270052562662456038
1.3.6.1.4.1.14519.5.2.1.6279.6001.214565862082106444257760478581,1.3.6.1.4.1.14519.5.2.1.6279.6001.991510467496831189331312523884
1.3.6.1.4.1.14519.5.2.1.6279.6001.128173929531863533946053948407,1.3.6.1.4.1.14519.5.2.1.6279.6001.206097113343059612247503064658
1.3.6.1.4.1.14519.5.2.1.6279.6001.202313610740309364769212928365,1.3.6.1.4.1.14519.5.2.1.6279.6001.119304665257760307862874140576
1.3.6.1.4.1.14519.5.2.1.6279.6001.142292437379762052008677682241,1.3.6.1.4.1.14519.5.2.1.6279.6001.888291896309937415860209787179
1.3.6.1.4.1.14519.5.2.1.6279.6001.186378343509510052901886052675,1.3.6.1.4.1.14519.5.2.1.6279.6001.152944699527354927160275613434
1.3.6.1.4.1.14519.5.2.1.6279.6001.808134164613518601297092139901,1.3.6.1.4.1.14519.5.2.1.6279.6001.252358625003143649770119512644
1.3.6.1.4.1.14519.5.2.1.6279.6001.166045097359941678759735162107,1.3.6.1.4.1.14519.5.2.1.6279.6001.191034085672515521659942406513
1.3.6.1.4.1.14519.5.2.1.6279.6001.541564533926823186990087847268,1.3.6.1.4.1.14519.5.2.1.6279.6001.278010349511857248000260557753
1.3.6.1.4.1.14519.5.2.1.6279.6001.751804495161511023323654179121,1.3.6.1.4.1.14519.5.2.1.6279.6001.219349715895470349269596532320
1.3.6.1.4.1.14519.5.2.1.6279.6001.193632643404878480165927810858,1.3.6.1.4.1.14519.5.2.1.6279.6001.138904664700896606480369521124
1.3.6.1.4.1.14519.5.2.1.6279.6001.931660023131522836511470299550,1.3.6.1.4.1.14519.5.2.1.6279.6001.334022941831199910030220864961
1.3.6.1.4.1.14519.5.2.1.6279.6001.242293704887164773216756108679,1.3.6.1.4.1.14519.5.2.1.6279.6001.211956804948320236390242845468
1.3.6.1.4.1.14519.5.2.1.6279.6001.263062819617890562693932243280,1.3.6.1.4.1.14519.5.2.1.6279.6001.328695385904874796172316226975
1.3.6.1.4.1.14519.5.2.1.6279.6001.146693794897525614810620472732,1.3.6.1.4.1.14519.5.2.1.6279.6001.334105754605642100456249422350
1.3.6.1.4.1.14519.5.2.1.6279.6001.261881453527700554965645624212,1.3.6.1.4.1.14519.5.2.1.6279.6001.135657246677982059395844827629
1.3.6.1.4.1.14519.5.2.1.6279.6001.166516471529644578497840692226,1.3.6.1.4.1.14519.5.2.1.6279.6001.323646598927268841433920119813
1.3.6.1.4.1.14519.5.2.1.6279.6001.289759534306508848209269388603,1.3.6.1.4.1.14519.5.2.1.6279.6001.116703382344406837243058680403
1.3.6.1.4.1.14519.5.2.1.6279.6001.203021212653448281775262541232,1.3.6.1.4.1.14519.5.2.1.6279.6001.300246184547502297539521283806
1.3.6.1.4.1.14519.5.2.1.6279.6001.135354380632609557236443907760,1.3.6.1.4.1.14519.5.2.1.6279.6001.259227883564429312164962953756
1.3.6.1.4.1.14519.5.2.1.6279.6001.325608968275343627520297346991,1.3.6.1.4.1.14519.5.2.1.6279.6001.216652640878960522552873394709
1.3.6.1.4.1.14519.5.2.1.6279.6001.223929343925645778515146916755,1.3.6.1.4.1.14519.5.2.1.6279.6001.458525794434429386945463560826
1.3.6.1.4.1.14519.5.2.1.6279.6001.701448858177597192177075232452,1.3.6.1.4.1.14519.5.2.1.6279.6001.137009552031052971596477963106
1.3.6.1.4.1.14519.5.2.1.6279.6001.128331462267861650186674238297,1.3.6.1.4.1.14519.5.2.1.6279.6001.107109359065300889765026303943
1.3.6.1.4.1.14519.5.2.1.6279.6001.748854471032735053174016711473,1.3.6.1.4.1.14519.5.2.1.6279.6001.226152078193253087875725735761
1.3.6.1.4.1.14519.5.2.1.6279.6001.272102141116238598947111407982,1.3.6.1.4.1.14519.5.2.1.6279.6001.139030456172925758598108159491
1.3.6.1.4.1.14519.5.2.1.6279.6001.219603183011909533511019563626,1.3.6.1.4.1.14519.5.2.1.6279.6001.892375496445736188832556446335
1.3.6.1.4.1.14519.5.2.1.6279.6001.858300670101158401140123918818,1.3.6.1.4.1.14519.5.2.1.6279.6001.134519406153127654901640638633
1.3.6.1.4.1.14519.5.2.1.6279.6001.201981314170126152586920703158,1.3.6.1.4.1.14519.5.2.1.6279.6001.115386642382564804180764325545
1.3.6.1.4.1.14519.5.2.1.6279.6001.323769537371782501749772855211,1.3.6.1.4.1.14519.5.2.1.6279.6001.299806338046301317870803017534
1.3.6.1.4.1.14519.5.2.1.6279.6001.265390640843728236501931252310,1.3.6.1.4.1.14519.5.2.1.6279.6001.293757615532132808762625441831
1.3.6.1.4.1.14519.5.2.1.6279.6001.109666061122737469139155049085,1.3.6.1.4.1.14519.5.2.1.6279.6001.174935793360491516757154875981
1.3.6.1.4.1.14519.5.2.1.6279.6001.126579974603592904802118981222,1.3.6.1.4.1.14519.5.2.1.6279.6001.242624386080831911167122628616
1.3.6.1.4.1.14519.5.2.1.6279.6001.651527937137773549514457517157,1.3.6.1.4.1.14519.5.2.1.6279.6001.200725988589959521302320481687
1.3.6.1.4.1.14519.5.2.1.6279.6001.236473827829552232243074977782,1.3.6.1.4.1.14519.5.2.1.6279.6001.466284753932369813717081722101
1.3.6.1.4.1.14519.5.2.1.6279.6001.145622720063142155634645333747,1.3.6.1.4.1.14519.5.2.1.6279.6001.247769845138587733933485039556
1.3.6.1.4.1.14519.5.2.1.6279.6001.147007934469588183141400115665,1.3.6.1.4.1.14519.5.2.1.6279.6001.300146276266881736689307479986
1.3.6.1.4.1.14519.5.2.1.6279.6001.101860660338020663891435526309,1.3.6.1.4.1.14519.5.2.1.6279.6001.216252660192313507027754194207
1.3.6.1.4.1.14519.5.2.1.6279.6001.198938890575750893735876189224,1.3.6.1.4.1.14519.5.2.1.6279.6001.136830368929967292376608088362
1.3.6.1.4.1.14519.5.2.1.6279.6001.170453435914624225750000821602,1.3.6.1.4.1.14519.5.2.1.6279.6001.102133688497886810253331438797
1.3.6.1.4.1.14519.5.2.1.6279.6001.969325292841504805778529336047,1.3.6.1.4.1.14519.5.2.1.6279.6001.114195693932194925962391697338
1.3.6.1.4.1.14519.5.2.1.6279.6001.728284743932342406301468721019,1.3.6.1.4.1.14519.5.2.1.6279.6001.253322967203074795232627653819
1.3.6.1.4.1.14519.5.2.1.6279.6001.281491059962512876018428810934,1.3.6.1.4.1.14519.5.2.1.6279.6001.151764021165118974848436095034
1.3.6.1.4.1.14519.5.2.1.6279.6001.129889229961080005326707611943,1.3.6.1.4.1.14519.5.2.1.6279.6001.109203031650348694844047454215
1.3.6.1.4.1.14519.5.2.1.6279.6001.225336514441526266989689082116,1.3.6.1.4.1.14519.5.2.1.6279.6001.114914167428485563471327801935
1.3.6.1.4.1.14519.5.2.1.6279.6001.568590496455752271550307195037,1.3.6.1.4.1.14519.5.2.1.6279.6001.323535944958374186208096541480
1.3.6.1.4.1.14519.5.2.1.6279.6001.315896257598312492181693323227,1.3.6.1.4.1.14519.5.2.1.6279.6001.724251104254976962355686318345
1.3.6.1.4.1.14519.5.2.1.6279.6001.123757952382514314958340753104,1.3.6.1.4.1.14519.5.2.1.6279.6001.664409965623578819357819577077
1.3.6.1.4.1.14519.5.2.1.6279.6001.226719444846209417020566423366,1.3.6.1.4.1.14519.5.2.1.6279.6001.192256506776434538421891524301
1.3.6.1.4.1.14519.5.2.1.6279.6001.194592222324100678493470529736,1.3.6.1.4.1.14519.5.2.1.6279.6001.167661207884826429102690781600
1.3.6.1.4.1.14519.5.2.1.6279.6001.212173791575971142588528365479,1.3.6.1.4.1.14519.5.2.1.6279.6001.112740418331256326754121315800
1.3.6.1.4.1.14519.5.2.1.6279.6001.721161755719965069770622927051,1.3.6.1.4.1.14519.5.2.1.6279.6001.141069661700670042960678408762
1.3.6.1.4.1.14519.5.2.1.6279.6001.112366982107658327153398402250,1.3.6.1.4.1.14519.5.2.1.6279.6001.265453131727473342790950829556
1.3.6.1.4.1.14519.5.2.1.6279.6001.276145303905683401700212326794,1.3.6.1.4.1.14519.5.2.1.6279.6001.194440094986948071643661798326
1.3.6.1.4.1.14519.5.2.1.6279.6001.262233919583075373552810415567,1.3.6.1.4.1.14519.5.2.1.6279.6001.215785045378334625097907422785
1.3.6.1.4.1.14519.5.2.1.6279.6001.311453461766047239391876458979,1.3.6.1.4.1.14519.5.2.1.6279.6001.162351539386551708034407968929
1.3.6.1.4.1.14519.5.2.1.6279.6001.136876570107341293094375256847,1.3.6.1.4.1.14519.5.2.1.6279.6001.766881513533845439335142582269
1.3.6.1.4.1.14519.5.2.1.6279.6001.837260510399523070637863582641,1.3.6.1.4.1.14519.5.2.1.6279.6001.238522526736091851696274044574
1.3.6.1.4.1.14519.5.2.1.6279.6001.281149709266012657212003921035,1.3.6.1.4.1.14519.5.2.1.6279.6001.184501854685844606619543150859
1.3.6.1.4.1.14519.5.2.1.6279.6001.194890498394311571938776742465,1.3.6.1.4.1.14519.5.2.1.6279.6001.229860476925100292554329427970
1.3.6.1.4.1.14519.5.2.1.6279.6001.837471965665975230389385298092,1.3.6.1.4.1.14519.5.2.1.6279.6001.168037818448885856452592057286
1.3.6.1.4.1.14519.5.2.1.6279.6001.298180121619674780553933016732,1.3.6.1.4.1.14519.5.2.1.6279.6001.244681063194071446501270815660
1.3.6.1.4.1.14519.5.2.1.6279.6001.148358074732977192643732679421,1.3.6.1.4.1.14519.5.2.1.6279.6001.584871944187559733312703328980
1.3.6.1.4.1.14519.5.2.1.6279.6001.113707792304333965399737722872,1.3.6.1.4.1.14519.5.2.1.6279.6001.297964221542942838344351735414
1.3.6.1.4.1.14519.5.2.1.6279.6001.208001565962486054565606721023,1.3.6.1.4.1.14519.5.2.1.6279.6001.170135352376311821460213875884
1.3.6.1.4.1.14519.5.2.1.6279.6001.694111741408084165729604375833,1.3.6.1.4.1.14519.5.2.1.6279.6001.205113715251629496479289015582
1.3.6.1.4.1.14519.5.2.1.6279.6001.220318312497776009932500036468,1.3.6.1.4.1.14519.5.2.1.6279.6001.206539885154775002929031534291
1.3.6.1.4.1.14519.5.2.1.6279.6001.614525372854817919294823651430,1.3.6.1.4.1.14519.5.2.1.6279.6001.309707676674808510671394142910
1.3.6.1.4.1.14519.5.2.1.6279.6001.333911857799694588686208472307,1.3.6.1.4.1.14519.5.2.1.6279.6001.254921765503801141457177972447
1.3.6.1.4.1.14519.5.2.1.6279.6001.939103340398727679812199945201,1.3.6.1.4.1.14519.5.2.1.6279.6001.249530219848512542668813996730
1.3.6.1.4.1.14519.5.2.1.6279.6001.826821417415213438164503950143,1.3.6.1.4.1.14519.5.2.1.6279.6001.603166427542096384265514998412
1.3.6.1.4.1.14519.5.2.1.6279.6001.300409677036863686976674785893,1.3.6.1.4.1.14519.5.2.1.6279.6001.205993750485568250373835565680
1.3.6.1.4.1.14519.5.2.1.6279.6001.108965194825990605371103747168,1.3.6.1.4.1.14519.5.2.1.6279.6001.129567032250534530765928856531
1.3.6.1.4.1.14519.5.2.1.6279.6001.173046050032662152275088620852,1.3.6.1.4.1.14519.5.2.1.6279.6001.194246472548954252250399902051
1.3.6.1.4.1.14519.5.2.1.6279.6001.172781764368509306119706213242,1.3.6.1.4.1.14519.5.2.1.6279.6001.285926554490515269336267972830
1.3.6.1.4.1.14519.5.2.1.6279.6001.262372993180687488521371393069,1.3.6.1.4.1.14519.5.2.1.6279.6001.404364125369979066736354549484
1.3.6.1.4.1.14519.5.2.1.6279.6001.326240009912333401253143950265,1.3.6.1.4.1.14519.5.2.1.6279.6001.850739282072340578344345230132
1.3.6.1.4.1.14519.5.2.1.6279.6001.129172271455973626256608772850,1.3.6.1.4.1.14519.5.2.1.6279.6001.202643836890896697853521610450
1.3.6.1.4.1.14519.5.2.1.6279.6001.135295547724563274783029730811,1.3.6.1.4.1.14519.5.2.1.6279.6001.308655308958459380153492314021
1.3.6.1.4.1.14519.5.2.1.6279.6001.268490252284941048496256182524,1.3.6.1.4.1.14519.5.2.1.6279.6001.147250707071097813243473865421
1.3.6.1.4.1.14519.5.2.1.6279.6001.221467562933372960599414594591,1.3.6.1.4.1.14519.5.2.1.6279.6001.167919147233131417984739058859
1.3.6.1.4.1.14519.5.2.1.6279.6001.731392422930133359505662856851,1.3.6.1.4.1.14519.5.2.1.6279.6001.162845309248822193437735868939
1.3.6.1.4.1.14519.5.2.1.6279.6001.971476961920773226447199844576,1.3.6.1.4.1.14519.5.2.1.6279.6001.231834776365874788440767645596
1.3.6.1.4.1.14519.5.2.1.6279.6001.211028058202430803930155553655,1.3.6.1.4.1.14519.5.2.1.6279.6001.670107649586205629860363487713
1.3.6.1.4.1.14519.5.2.1.6279.6001.220989155161038735570528881205,1.3.6.1.4.1.14519.5.2.1.6279.6001.910607280658963002048724648683
1.3.6.1.4.1.14519.5.2.1.6279.6001.191073955214402396197702655759,1.3.6.1.4.1.14519.5.2.1.6279.6001.299767339686526858593516834230
1.3.6.1.4.1.14519.5.2.1.6279.6001.195975724868929317649402600442,1.3.6.1.4.1.14519.5.2.1.6279.6001.229343399861261429237689489892
